,cx,cy,MAE,DZNCC,RMSE,MAPE,DSSIM,ZNCC,SSIM,Optimiser
0,577.9168199476661,-57.369345726481185,0.023186586518030596,0.002098603022088197,0.0916200421921618,0.07016433775424957,0.018974966453809472,0.9958027939558236,0.9620500670923811,NSGA2
1,577.9168199476661,-57.369345726481185,0.023186586518030596,0.002098603022088197,0.0916200421921618,0.07016433775424957,0.018974966453809472,0.9958027939558236,0.9620500670923811,NSGA2
2,577.903601923441,-57.33335651944827,0.021847608188643355,0.0017550786697008713,0.08378736399497146,0.06819549202919006,0.01920995936197617,0.9964898426605983,0.9615800812760477,NSGA2
3,577.9031979728269,-57.833988884268834,0.022736082442933462,0.0024656697132685035,0.09931269256680572,0.06262803822755814,0.017051917806972516,0.995068660573463,0.965896164386055,NSGA2
4,577.9037951249356,-57.95550680347459,0.022632786888356,0.002319714953071428,0.09632485298401414,0.06299121677875519,0.017002134730002116,0.9953605700938571,0.9659957305399958,NSGA2
