,sample_rotation_angle1,sample_rotation_angle2,src_pos_x,src_pos_y,src_pos_z,det_pos_x,det_pos_y,det_pos_z,DZNCC,MAE,RMSE,DSSIM,MAPE,Optimiser,Optimiser_code
0,-4.662186323820903,1.2513278963770524,16.916632548752027,-47.12867794253773,141.61423853138422,-0.5520124016861996,-11.558811306940921,-18.71571101535043,0.23769188760159982,0.7866769934621118,0.9750731000321974,0.41361969256669673,0.13017853178950414,NSGA3,3
1,2.7679043293246064,1.4911256859655153,-9.136454387307335,-12.486427013682075,134.93085200430937,0.07029517831823084,-30.97382219059167,-6.3487642447546815,0.2263560469048822,0.7485428518050644,0.9515378014664098,0.3580307861424967,0.16463485297767835,NSGA3,3
2,-1.7971209638159291,3.3079493241578977,-19.148960255865145,-16.45937601259555,134.48487030804088,1.5532425736661146,-32.373549864627925,-7.12453158230058,0.21841689720061275,0.7561181197784369,0.9347018716159988,0.3663208915352968,0.1688335907275674,NSGA3,3
3,2.5401904142951874,1.9570451031229714,-15.889499984452417,-12.603183187402825,169.49012542174685,-0.16605589229942297,-30.983349590654193,-2.171053916872067,0.22076272916015977,0.7418306555525586,0.9397078889956378,0.3580621696320282,0.18124898077992638,NSGA3,3
4,3.9145371288977886,1.973688756131394,-4.689156626168993,-49.44535517718359,158.99971169382434,1.7588294222406144,-31.15331939298641,-3.7695786595103042,0.2569284278350958,0.8384683209808759,1.013762157184999,0.39569374802901747,0.14840772932975915,NSGA3,3
5,-4.8563493896094965,-1.2767420280613209,-12.81823677593685,-36.62798529145075,141.61579670471224,0.14993459908994722,-31.17152669919469,-1.6512655661051068,0.21179972405527475,0.7320607438452245,0.9204340803235717,0.3427760118071234,0.2157195124730006,NSGA3,3
6,4.178284106701042,1.973688756131394,-9.213785857381785,-16.193878702562177,140.97109447981182,0.5614821019323494,-31.30527293562785,-6.294141555539428,0.22268772327664244,0.7503891161067301,0.9437960018492185,0.35689690255005785,0.18513689801249966,NSGA3,3
7,-0.571947065693798,1.0096272932687902,-16.85824285251776,-37.91192070048379,141.44118082397893,-0.6787068495255968,-31.36392923866366,-2.3814213300662512,0.22205669258207028,0.7358835927091241,0.9424578347747345,0.35119263938223144,0.19753826506591418,NSGA3,3
