,Optimisation algorithm,ZNCC,SSIM,MAE,RMSE,MAPE
0,CMA-ES,0.5426736804088772,0.2414759614639863,0.7678443908663132,0.8439339822847798,0.11137427410997523
1,NSGA-II,0.629068438806638,0.3806958689111176,0.6892712813113362,0.8613147638272104,0.10874328879996342
2,NSGA-3,0.6322723971782678,0.3669019562016156,0.6909638079923718,0.8575868048599764,0.11604876439643708
