,sample_rotation_angle1,sample_rotation_angle2,src_pos_x,src_pos_y,src_pos_z,det_pos_x,det_pos_y,det_pos_z,DZNCC,MAE,RMSE,DSSIM,MAPE,Optimiser,Optimiser_code
0,-4.999973937186291,2.9426523853971016,7.521376110557796,-50.49942840083728,130.0003023071165,1.5928407021448419,-10.507583307414643,-11.218150699038029,0.2286653848425922,0.7844603779712608,0.9563793909167895,0.4121495863075156,0.15884564671371806,CMA-ES,1
1,-4.999836410873495,4.99944065886694,16.973381871328357,-50.06707118763541,130.0000670121017,-0.6301546472643436,-10.500382550235377,-15.360447933872585,0.23291417690911148,0.7678443300882021,0.965223656794863,0.40731901622274674,0.1315306888017576,CMA-ES,1
2,-4.999988711330304,4.99992195242964,-19.999829533484178,-50.497747771248875,130.0003440304413,1.091760242236828,-30.833317332528246,-7.9764789162817875,0.17805585982966604,0.6779047477380437,0.8439333144974579,0.3422650775139851,0.23610383737784377,CMA-ES,1
3,4.9997345986656425,4.999826353584869,-19.99656071985971,-50.499920633786786,130.00095356632252,13.155219899922308,-50.49997823002374,-12.45159016591223,0.2883297969903572,0.832144400968407,1.0739269937763127,0.37926231063309357,0.7701456621335572,CMA-ES,1
4,-4.999659250960083,-4.9959855408940905,-10.13215666381526,-50.43349204440458,130.0410141362298,7.99690556626323,-12.703855796085547,-40.49969882375329,0.3305134831333386,0.9447182390535613,1.1498060412666804,0.47168441092688074,0.11137533563612168,CMA-ES,1
