,Optimisation algorithm,ZNCC,SSIM,MAE,RMSE,MAPE
0,CMA-ES,0.5426736804088772,0.2414759614639863,0.7678443908663132,0.8439339822847798,0.11137427410997523
1,NSGA-II,0.611296172086598,0.30670725477469474,0.7091428559872845,0.8817072392959042,0.12115239391850928
2,NSGA-3,0.5764005518894505,0.31444797638575317,0.7320607438452245,0.9204340803235717,0.13017853178950414
