,sample_rotation_angle1,sample_rotation_angle2,src_pos_x,src_pos_y,src_pos_z,det_pos_x,det_pos_y,det_pos_z,DZNCC,MAE,RMSE,DSSIM,MAPE,ZNCC,SSIM,Optimiser,Optimiser_code
0,-4.999973937186291,2.9426523853971016,7.521376110557796,-50.49942840083728,130.0003023071165,1.5928407021448419,-10.507583307414643,-11.218150699038029,0.2583180979074267,0.8282998145521809,1.0165000696653725,0.4299449064505597,0.16431437668877746,0.4833638041851466,0.14011018709888057,CMA-ES,1
1,-4.999836410873495,4.99944065886694,16.973381871328357,-50.06707118763541,130.0000670121017,-0.6301546472643436,-10.500382550235377,-15.360447933872585,0.2599536504330737,0.8074107095891795,1.0197129996878007,0.42156022520039926,0.13622997422699457,0.48009269913385255,0.15687954959920147,CMA-ES,1
2,-4.999988711330304,4.99992195242964,-19.999829533484178,-50.497747771248875,130.0003440304413,1.091760242236828,-30.833317332528246,-7.9764789162817875,0.18961208258733714,0.7030998744117367,0.8708893904218546,0.35114039853478973,0.23600484326515603,0.6207758348253257,0.29771920293042053,CMA-ES,1
3,4.9997345986656425,4.999826353584869,-19.99656071985971,-50.499920633786786,130.00095356632252,13.155219899922308,-50.49997823002374,-12.45159016591223,0.27667228700535595,0.7980058879081167,1.0519929410511377,0.3717792023859866,1.562388303790959,0.4466554259892881,0.2564415952280268,CMA-ES,1
4,-4.999659250960083,-4.9959855408940905,-10.13215666381526,-50.43349204440458,130.0410141362298,7.99690556626323,-12.703855796085547,-40.49969882375329,0.346886730545632,0.9586598079346829,1.1779418161278288,0.4778488473783726,0.1115788588403263,0.30622653890873597,0.04430230524325485,CMA-ES,1
